Name,Memeber,MovieName,Snacks,Time,Transportation,Age
박현숙,플래티넘,지오디 마스터피스,팝콘호두과자,조조,대중교통,50대
김현지,브론즈,걸스 앤 판처,팝콘이랑 물오징어,오후,자차,10대
김건우,골드,시민덕희,호두과자콜라,오후,자차,60대
이지혜,플래티넘,윙카,팝콘호두과자,조조,뚜벅이,40대
김영호,골드,외계+인 2부,레몬에이드콜라,심야,대중교통,10대
한성현,골드,인투더 월드,레몬에이드오징어,조조,뚜벅이,20대
이지영,골드,시민덕희,팝콘호두과자,오후,자차,50대
장예준,브론즈,노량-죽음의 바다,감자튀김감자튀김,조조,대중교통,60대
이서윤,골드,외계+인 2부,콜라호두과자,조조,뚜벅이,50대
김동현,브론즈,서울의 봄,레몬에이드팝콘,오후,자차,30대
김도현,실버,외계+인 2부,호두과자감자튀김,오후,자차,50대
백상현,브론즈,위시,감자튀김팝콘,조조,뚜벅이,50대
박수민,실버,시민덕희,레몬에이드콜라,심야,자차,50대
이옥순,플래티넘,걸스 앤 판처,오징어오징어,오후,대중교통,40대
지성훈,브론즈,걸스 앤 판처,감자튀김레몬에이드,조조,대중교통,50대
나예준,실버,지오디 마스터피스,감자튀김팝콘이랑 물,심야,자차,20대
지상호,실버,덤머니,오징어팝콘,오후,대중교통,20대
박수진,골드,위시,콜라호두과자,오후,뚜벅이,10대
신준서,실버,인투더 월드,팝콘콜라,조조,대중교통,50대
박영숙,플래티넘,시민덕희,콜라레몬에이드,심야,대중교통,60대
강현지,실버,시민덕희,콜라팝콘이랑 물,심야,대중교통,10대
김정훈,실버,시민덕희,레몬에이드오징어,조조,뚜벅이,60대
권영진,실버,윙카,콜라레몬에이드,오후,대중교통,10대
강순자,브론즈,걸스 앤 판처,감자튀김콜라,조조,대중교통,10대
김영희,플래티넘,시민덕희,감자튀김감자튀김,오후,대중교통,10대
강수민,플래티넘,인투더 월드,레몬에이드팝콘,조조,자차,40대
윤영자,브론즈,외계+인 2부,감자튀김호두과자,오후,자차,10대
김정웅,브론즈,윙카,레몬에이드팝콘,조조,뚜벅이,40대
고경수,실버,서울의 봄,팝콘이랑 물팝콘,심야,자차,40대
김재호,실버,걸스 앤 판처,오징어오징어,조조,뚜벅이,50대
홍보람,골드,노량-죽음의 바다,호두과자호두과자,심야,대중교통,40대
남영수,골드,윙카,콜라오징어,오후,자차,50대
권현준,플래티넘,외계+인 2부,콜라감자튀김,조조,뚜벅이,10대
최영희,실버,인투더 월드,콜라호두과자,심야,뚜벅이,40대
유성훈,골드,노량-죽음의 바다,호두과자오징어,조조,자차,60대
김예원,플래티넘,덤머니,팝콘팝콘,조조,뚜벅이,60대
강민수,브론즈,걸스 앤 판처,팝콘호두과자,심야,자차,20대
이영식,플래티넘,윙카,콜라레몬에이드,오후,대중교통,50대
최주원,실버,시민덕희,팝콘이랑 물오징어,심야,자차,50대
김도윤,플래티넘,지오디 마스터피스,콜라팝콘,심야,대중교통,20대
이승민,골드,시민덕희,콜라팝콘이랑 물,조조,뚜벅이,50대
신아름,실버,인투더 월드,콜라레몬에이드,심야,대중교통,10대
박영호,브론즈,지오디 마스터피스,오징어오징어,오후,뚜벅이,10대
이지영,골드,외계+인 2부,호두과자감자튀김,조조,대중교통,10대
박아름,실버,덤머니,팝콘이랑 물레몬에이드,조조,자차,10대
박하윤,골드,위시,호두과자콜라,오후,뚜벅이,40대
류병철,브론즈,노량-죽음의 바다,콜라호두과자,심야,자차,10대
송정희,플래티넘,걸스 앤 판처,레몬에이드감자튀김,오후,대중교통,50대
박종수,플래티넘,지오디 마스터피스,감자튀김레몬에이드,심야,뚜벅이,30대
양민석,브론즈,시민덕희,호두과자팝콘,심야,뚜벅이,20대
한아름,브론즈,지오디 마스터피스,호두과자감자튀김,심야,자차,10대
박상호,브론즈,시민덕희,팝콘이랑 물감자튀김,조조,자차,60대
박성진,실버,지오디 마스터피스,감자튀김레몬에이드,오후,자차,10대
김영희,실버,위시,오징어감자튀김,오후,뚜벅이,60대
김건우,브론즈,노량-죽음의 바다,콜라감자튀김,조조,대중교통,50대
김명숙,플래티넘,외계+인 2부,호두과자팝콘,조조,자차,60대
강시우,실버,걸스 앤 판처,오징어호두과자,조조,자차,30대
유정남,골드,덤머니,팝콘이랑 물팝콘이랑 물,심야,뚜벅이,60대
서정훈,골드,위시,레몬에이드콜라,심야,뚜벅이,40대
김시우,실버,인투더 월드,팝콘레몬에이드,심야,뚜벅이,60대
지서현,실버,덤머니,콜라오징어,조조,대중교통,10대
강동현,브론즈,위시,레몬에이드호두과자,오후,뚜벅이,60대
이동현,플래티넘,지오디 마스터피스,레몬에이드팝콘이랑 물,심야,뚜벅이,10대
이상현,골드,지오디 마스터피스,팝콘이랑 물오징어,심야,자차,50대
장영미,브론즈,지오디 마스터피스,팝콘레몬에이드,오후,대중교통,40대
김정수,플래티넘,걸스 앤 판처,팝콘팝콘,오후,뚜벅이,20대
김성현,골드,시민덕희,오징어감자튀김,오후,대중교통,50대
김병철,플래티넘,걸스 앤 판처,팝콘감자튀김,심야,자차,60대
김재현,브론즈,걸스 앤 판처,호두과자팝콘,심야,뚜벅이,60대
문영철,브론즈,인투더 월드,오징어팝콘이랑 물,오후,자차,20대
이성호,실버,인투더 월드,호두과자오징어,심야,자차,20대
최예진,실버,인투더 월드,오징어콜라,오후,대중교통,20대
최영진,브론즈,위시,호두과자호두과자,심야,자차,40대
이지훈,브론즈,덤머니,레몬에이드호두과자,오후,자차,10대
김정자,실버,지오디 마스터피스,오징어팝콘이랑 물,오후,대중교통,20대
이명숙,골드,시민덕희,콜라팝콘,조조,자차,50대
이현우,브론즈,걸스 앤 판처,감자튀김오징어,오후,대중교통,40대
박지후,골드,인투더 월드,팝콘팝콘이랑 물,심야,뚜벅이,40대
이은경,실버,윙카,팝콘이랑 물레몬에이드,오후,자차,10대
손미정,브론즈,위시,오징어팝콘이랑 물,오후,뚜벅이,30대
황광수,실버,덤머니,감자튀김팝콘이랑 물,오후,자차,60대
강경수,브론즈,지오디 마스터피스,팝콘오징어,심야,대중교통,10대
김순자,플래티넘,덤머니,감자튀김호두과자,조조,뚜벅이,50대
성건우,실버,인투더 월드,오징어호두과자,심야,대중교통,40대
곽은영,실버,걸스 앤 판처,레몬에이드호두과자,오후,대중교통,20대
이영식,브론즈,인투더 월드,레몬에이드오징어,오후,대중교통,10대
곽예지,브론즈,외계+인 2부,오징어팝콘이랑 물,심야,자차,60대
박성현,플래티넘,걸스 앤 판처,콜라팝콘,조조,뚜벅이,30대
노정남,브론즈,걸스 앤 판처,레몬에이드감자튀김,오후,뚜벅이,40대
김영자,실버,시민덕희,팝콘오징어,심야,대중교통,50대
박유진,브론즈,노량-죽음의 바다,팝콘이랑 물감자튀김,심야,뚜벅이,60대
김은서,플래티넘,서울의 봄,감자튀김오징어,조조,자차,10대
김성현,골드,걸스 앤 판처,팝콘이랑 물팝콘이랑 물,조조,자차,20대
한정자,브론즈,위시,콜라콜라,오후,뚜벅이,50대
김은영,실버,지오디 마스터피스,팝콘이랑 물호두과자,오후,뚜벅이,30대
김영순,브론즈,외계+인 2부,감자튀김호두과자,오후,뚜벅이,50대
이상현,플래티넘,외계+인 2부,호두과자레몬에이드,오후,뚜벅이,50대
문서윤,실버,서울의 봄,감자튀김레몬에이드,심야,뚜벅이,40대
황은주,브론즈,노량-죽음의 바다,감자튀김콜라,심야,자차,30대
신미경,브론즈,노량-죽음의 바다,호두과자호두과자,심야,대중교통,50대
김준서,골드,서울의 봄,팝콘콜라,오후,대중교통,60대
안성진,골드,위시,팝콘이랑 물팝콘,심야,뚜벅이,30대
손정웅,브론즈,외계+인 2부,호두과자팝콘,조조,대중교통,30대
최예준,골드,노량-죽음의 바다,감자튀김팝콘,심야,뚜벅이,50대
김은지,브론즈,외계+인 2부,호두과자레몬에이드,심야,대중교통,50대
김동현,골드,노량-죽음의 바다,호두과자오징어,조조,대중교통,30대
이은정,실버,외계+인 2부,감자튀김감자튀김,조조,자차,60대
윤서윤,플래티넘,외계+인 2부,팝콘이랑 물레몬에이드,심야,뚜벅이,10대
김정자,골드,위시,팝콘호두과자,오후,뚜벅이,40대
김영환,실버,서울의 봄,팝콘레몬에이드,조조,자차,50대
임상철,플래티넘,덤머니,콜라오징어,심야,뚜벅이,10대
김주원,골드,위시,팝콘오징어,심야,대중교통,40대
이경숙,브론즈,서울의 봄,레몬에이드감자튀김,오후,자차,60대
이순옥,실버,서울의 봄,오징어팝콘,심야,뚜벅이,10대
김채원,브론즈,인투더 월드,오징어레몬에이드,심야,자차,40대
박영호,실버,인투더 월드,호두과자팝콘이랑 물,오후,뚜벅이,30대
오영철,플래티넘,윙카,팝콘이랑 물레몬에이드,오후,대중교통,30대
권우진,골드,외계+인 2부,콜라감자튀김,심야,대중교통,20대
최아름,브론즈,윙카,팝콘이랑 물오징어,오후,대중교통,10대
황승민,골드,윙카,콜라팝콘이랑 물,조조,대중교통,20대
이예지,골드,노량-죽음의 바다,오징어오징어,심야,뚜벅이,40대
이정남,실버,윙카,팝콘팝콘이랑 물,오후,대중교통,10대
정미영,플래티넘,덤머니,호두과자감자튀김,심야,자차,20대
김수빈,실버,지오디 마스터피스,감자튀김오징어,오후,자차,30대
안우진,플래티넘,위시,감자튀김오징어,오후,자차,20대
고명숙,브론즈,윙카,감자튀김팝콘,심야,대중교통,10대
정성수,골드,노량-죽음의 바다,오징어팝콘이랑 물,조조,대중교통,20대
김성수,실버,인투더 월드,감자튀김콜라,심야,대중교통,60대
윤준혁,브론즈,서울의 봄,오징어호두과자,오후,자차,60대
최성호,실버,외계+인 2부,오징어레몬에이드,심야,자차,10대
이지연,골드,윙카,팝콘호두과자,심야,자차,10대
이윤서,브론즈,덤머니,오징어팝콘,오후,뚜벅이,30대
문영진,골드,서울의 봄,오징어감자튀김,조조,자차,10대
김서현,플래티넘,외계+인 2부,팝콘팝콘,조조,자차,40대
이정순,실버,덤머니,팝콘팝콘이랑 물,오후,대중교통,10대
이서영,골드,외계+인 2부,팝콘이랑 물팝콘이랑 물,조조,자차,40대
황은서,골드,노량-죽음의 바다,팝콘이랑 물오징어,심야,뚜벅이,30대
박지아,플래티넘,서울의 봄,콜라콜라,오후,대중교통,50대
김정자,골드,위시,호두과자콜라,오후,뚜벅이,10대
남서현,골드,덤머니,오징어콜라,심야,대중교통,40대
이현준,브론즈,걸스 앤 판처,레몬에이드팝콘,조조,자차,60대
김준혁,플래티넘,윙카,팝콘레몬에이드,조조,대중교통,20대
이현주,플래티넘,지오디 마스터피스,팝콘레몬에이드,조조,자차,50대
진경수,플래티넘,덤머니,콜라오징어,오후,대중교통,50대
이유진,실버,덤머니,콜라팝콘이랑 물,오후,대중교통,50대
김성진,실버,인투더 월드,호두과자팝콘,조조,뚜벅이,10대
김지아,실버,외계+인 2부,팝콘이랑 물콜라,오후,대중교통,20대
김서윤,브론즈,서울의 봄,감자튀김감자튀김,오후,뚜벅이,10대
이성훈,플래티넘,걸스 앤 판처,팝콘오징어,심야,대중교통,30대
김은주,브론즈,시민덕희,감자튀김오징어,오후,뚜벅이,40대
조순옥,실버,서울의 봄,팝콘이랑 물감자튀김,오후,대중교통,60대
김준혁,플래티넘,외계+인 2부,호두과자레몬에이드,심야,자차,50대
김아름,브론즈,지오디 마스터피스,오징어팝콘이랑 물,조조,자차,30대
이성호,골드,덤머니,콜라감자튀김,심야,뚜벅이,20대
이정수,플래티넘,지오디 마스터피스,오징어레몬에이드,조조,대중교통,60대
안민준,골드,시민덕희,팝콘팝콘이랑 물,심야,자차,20대
김건우,브론즈,덤머니,감자튀김콜라,조조,뚜벅이,20대
최준혁,플래티넘,위시,콜라레몬에이드,조조,뚜벅이,30대
박명자,플래티넘,외계+인 2부,팝콘레몬에이드,조조,뚜벅이,50대
홍영수,골드,걸스 앤 판처,레몬에이드오징어,오후,뚜벅이,30대
한민재,실버,노량-죽음의 바다,팝콘팝콘,심야,대중교통,30대
홍정식,플래티넘,걸스 앤 판처,콜라오징어,조조,대중교통,40대
송현숙,브론즈,서울의 봄,콜라오징어,심야,자차,30대
최성민,플래티넘,외계+인 2부,감자튀김오징어,심야,뚜벅이,50대
이춘자,골드,노량-죽음의 바다,레몬에이드팝콘이랑 물,오후,자차,60대
최현지,브론즈,윙카,감자튀김감자튀김,심야,자차,50대
안현준,골드,노량-죽음의 바다,호두과자콜라,심야,대중교통,30대
김영진,플래티넘,걸스 앤 판처,팝콘콜라,오후,자차,30대
문종수,브론즈,덤머니,레몬에이드호두과자,심야,자차,60대
이은지,골드,서울의 봄,호두과자레몬에이드,조조,뚜벅이,20대
주예원,플래티넘,윙카,팝콘팝콘이랑 물,심야,뚜벅이,20대
김경희,실버,노량-죽음의 바다,팝콘이랑 물콜라,심야,뚜벅이,30대
백유진,골드,걸스 앤 판처,콜라콜라,오후,뚜벅이,30대
박경자,브론즈,윙카,팝콘이랑 물팝콘,심야,자차,50대
조영순,실버,걸스 앤 판처,호두과자레몬에이드,조조,뚜벅이,50대
전영수,플래티넘,위시,팝콘팝콘,오후,대중교통,60대
배정순,플래티넘,외계+인 2부,팝콘이랑 물오징어,조조,대중교통,10대
김지은,실버,외계+인 2부,호두과자오징어,오후,대중교통,30대
김지원,실버,외계+인 2부,콜라팝콘,오후,자차,60대
오준영,실버,지오디 마스터피스,콜라오징어,심야,자차,20대
김지영,브론즈,서울의 봄,호두과자감자튀김,심야,대중교통,60대
한하윤,플래티넘,지오디 마스터피스,팝콘이랑 물콜라,오후,대중교통,40대
노예지,브론즈,윙카,레몬에이드호두과자,조조,자차,60대
한진호,실버,지오디 마스터피스,콜라오징어,심야,대중교통,30대
김지은,골드,서울의 봄,팝콘이랑 물오징어,오후,자차,20대
주경희,플래티넘,윙카,감자튀김감자튀김,심야,자차,50대
김민석,플래티넘,시민덕희,콜라감자튀김,심야,뚜벅이,50대
성영길,골드,서울의 봄,팝콘레몬에이드,조조,대중교통,30대
우병철,골드,외계+인 2부,팝콘팝콘이랑 물,심야,자차,10대
한동현,브론즈,인투더 월드,팝콘오징어,조조,자차,20대
류건우,브론즈,윙카,감자튀김레몬에이드,오후,뚜벅이,10대
이지은,플래티넘,덤머니,오징어레몬에이드,심야,대중교통,50대
이지우,브론즈,인투더 월드,콜라레몬에이드,조조,자차,30대
양준혁,플래티넘,서울의 봄,레몬에이드팝콘이랑 물,오후,뚜벅이,60대
박현지,플래티넘,윙카,오징어감자튀김,오후,자차,30대
이은정,브론즈,외계+인 2부,레몬에이드팝콘,조조,자차,10대
강채원,실버,인투더 월드,팝콘이랑 물호두과자,오후,자차,50대
남승현,골드,걸스 앤 판처,오징어감자튀김,심야,뚜벅이,20대
이지우,골드,외계+인 2부,레몬에이드레몬에이드,조조,자차,60대
조민수,골드,시민덕희,콜라오징어,조조,자차,30대
장영진,브론즈,윙카,오징어레몬에이드,심야,뚜벅이,20대
박영희,실버,시민덕희,감자튀김감자튀김,심야,뚜벅이,30대
김서영,골드,지오디 마스터피스,감자튀김팝콘,오후,뚜벅이,10대
김정웅,플래티넘,윙카,레몬에이드팝콘,심야,뚜벅이,60대
지경희,브론즈,시민덕희,호두과자레몬에이드,오후,자차,50대
김예지,플래티넘,노량-죽음의 바다,오징어호두과자,심야,자차,20대
장미숙,브론즈,위시,레몬에이드감자튀김,오후,대중교통,50대
박정호,골드,시민덕희,오징어오징어,조조,대중교통,50대
이하은,브론즈,서울의 봄,오징어감자튀김,오후,뚜벅이,60대
황영순,실버,인투더 월드,팝콘이랑 물팝콘,오후,대중교통,50대
김경희,골드,위시,오징어팝콘,심야,대중교통,30대
한은지,브론즈,노량-죽음의 바다,레몬에이드감자튀김,심야,자차,50대
나현우,플래티넘,위시,호두과자팝콘,오후,대중교통,40대
김정호,브론즈,걸스 앤 판처,팝콘팝콘,심야,대중교통,10대
김현주,브론즈,위시,팝콘팝콘,오후,대중교통,40대
김지아,실버,시민덕희,감자튀김오징어,오후,대중교통,10대
김영희,플래티넘,지오디 마스터피스,오징어레몬에이드,심야,뚜벅이,20대
류정남,브론즈,시민덕희,콜라오징어,오후,대중교통,30대
이성민,브론즈,위시,오징어팝콘이랑 물,조조,대중교통,60대
주도현,골드,위시,팝콘레몬에이드,조조,대중교통,20대
최보람,골드,윙카,팝콘이랑 물팝콘,심야,자차,10대
양은정,실버,윙카,레몬에이드호두과자,오후,뚜벅이,20대
차예지,실버,노량-죽음의 바다,팝콘팝콘이랑 물,심야,대중교통,20대
홍수진,실버,인투더 월드,오징어콜라,심야,뚜벅이,10대
홍도윤,플래티넘,걸스 앤 판처,팝콘팝콘,오후,뚜벅이,10대
박지혜,골드,노량-죽음의 바다,팝콘이랑 물콜라,조조,뚜벅이,30대
김경자,실버,걸스 앤 판처,레몬에이드감자튀김,오후,자차,50대
박순옥,브론즈,외계+인 2부,팝콘이랑 물팝콘,오후,뚜벅이,30대
김준호,실버,덤머니,콜라팝콘이랑 물,조조,대중교통,60대
김정훈,플래티넘,시민덕희,팝콘이랑 물레몬에이드,조조,자차,10대
이은서,골드,외계+인 2부,레몬에이드오징어,오후,자차,20대
윤미경,실버,서울의 봄,감자튀김호두과자,조조,대중교통,30대
류민석,플래티넘,지오디 마스터피스,콜라호두과자,심야,자차,40대
김은경,골드,시민덕희,팝콘이랑 물팝콘,조조,대중교통,20대
김준혁,브론즈,외계+인 2부,호두과자팝콘이랑 물,심야,뚜벅이,10대
김성현,골드,인투더 월드,오징어호두과자,심야,뚜벅이,10대
박은지,브론즈,외계+인 2부,오징어콜라,오후,뚜벅이,30대
김지아,브론즈,노량-죽음의 바다,오징어레몬에이드,심야,대중교통,40대
한서영,브론즈,노량-죽음의 바다,레몬에이드오징어,조조,대중교통,30대
이민지,골드,위시,감자튀김오징어,심야,대중교통,20대
허현우,플래티넘,윙카,팝콘오징어,오후,자차,40대
이승민,브론즈,덤머니,오징어팝콘,오후,대중교통,60대
권서윤,플래티넘,위시,호두과자콜라,오후,대중교통,50대
김민석,플래티넘,걸스 앤 판처,팝콘팝콘,심야,대중교통,50대
김지연,브론즈,서울의 봄,팝콘이랑 물콜라,심야,자차,50대
김경자,실버,지오디 마스터피스,콜라레몬에이드,조조,대중교통,30대
이지후,플래티넘,위시,콜라호두과자,오후,뚜벅이,50대
류병철,플래티넘,위시,호두과자팝콘이랑 물,오후,대중교통,60대
백은주,실버,시민덕희,팝콘팝콘,조조,대중교통,30대
이서현,브론즈,지오디 마스터피스,팝콘이랑 물팝콘,오후,자차,40대
강현준,골드,윙카,감자튀김팝콘이랑 물,조조,자차,30대
류영철,실버,지오디 마스터피스,오징어호두과자,오후,대중교통,40대
이우진,실버,서울의 봄,팝콘이랑 물레몬에이드,심야,대중교통,40대
김은영,플래티넘,시민덕희,호두과자레몬에이드,조조,대중교통,40대
김영숙,브론즈,외계+인 2부,레몬에이드팝콘,심야,자차,10대
이현지,골드,걸스 앤 판처,콜라팝콘,오후,대중교통,30대
이상현,골드,서울의 봄,호두과자감자튀김,조조,뚜벅이,40대
김진우,플래티넘,걸스 앤 판처,호두과자감자튀김,오후,자차,40대
차재현,브론즈,서울의 봄,레몬에이드레몬에이드,심야,뚜벅이,40대
홍순옥,실버,인투더 월드,오징어오징어,심야,뚜벅이,50대
김재현,골드,윙카,레몬에이드팝콘,조조,대중교통,50대
윤정웅,브론즈,노량-죽음의 바다,호두과자콜라,심야,자차,10대
박건우,골드,위시,호두과자팝콘,오후,대중교통,60대
김수빈,실버,덤머니,콜라호두과자,오후,뚜벅이,30대
김상호,골드,노량-죽음의 바다,팝콘레몬에이드,심야,자차,60대
송정훈,실버,윙카,레몬에이드콜라,조조,뚜벅이,50대
황광수,실버,외계+인 2부,호두과자감자튀김,심야,뚜벅이,50대
강지영,실버,노량-죽음의 바다,감자튀김레몬에이드,심야,자차,20대
권영일,실버,덤머니,팝콘감자튀김,심야,대중교통,60대
안미정,실버,인투더 월드,호두과자감자튀김,심야,대중교통,20대
이보람,플래티넘,위시,호두과자호두과자,심야,자차,60대
장성민,골드,걸스 앤 판처,콜라콜라,심야,대중교통,10대
윤지후,골드,덤머니,팝콘레몬에이드,심야,대중교통,40대
고종수,플래티넘,인투더 월드,팝콘팝콘이랑 물,심야,대중교통,50대
진현우,골드,노량-죽음의 바다,팝콘팝콘이랑 물,심야,뚜벅이,50대
이성훈,실버,서울의 봄,감자튀김오징어,오후,대중교통,20대
노성훈,플래티넘,시민덕희,레몬에이드오징어,심야,뚜벅이,10대
지상훈,골드,외계+인 2부,오징어팝콘,오후,대중교통,40대
이아름,골드,외계+인 2부,감자튀김팝콘이랑 물,심야,자차,30대
이예은,실버,외계+인 2부,레몬에이드감자튀김,조조,대중교통,20대
이성민,실버,위시,팝콘호두과자,심야,대중교통,10대
이영순,골드,위시,콜라콜라,오후,뚜벅이,10대
이승민,브론즈,걸스 앤 판처,호두과자팝콘,조조,뚜벅이,60대
김승민,실버,걸스 앤 판처,호두과자호두과자,심야,뚜벅이,30대
박성훈,골드,노량-죽음의 바다,팝콘오징어,조조,자차,10대
박정수,골드,지오디 마스터피스,팝콘이랑 물감자튀김,오후,자차,20대
박정훈,실버,위시,오징어레몬에이드,조조,대중교통,50대
김도윤,브론즈,지오디 마스터피스,팝콘레몬에이드,조조,뚜벅이,20대
박지은,실버,지오디 마스터피스,오징어레몬에이드,조조,뚜벅이,20대
류건우,골드,걸스 앤 판처,호두과자팝콘이랑 물,오후,대중교통,30대
이영미,실버,윙카,콜라팝콘이랑 물,오후,자차,60대
문현우,브론즈,서울의 봄,콜라팝콘이랑 물,오후,뚜벅이,10대
이아름,골드,시민덕희,오징어감자튀김,조조,자차,50대
최춘자,골드,서울의 봄,호두과자팝콘이랑 물,조조,뚜벅이,40대
이지민,골드,지오디 마스터피스,호두과자오징어,조조,자차,50대
성상훈,브론즈,노량-죽음의 바다,팝콘이랑 물레몬에이드,오후,자차,40대
김정식,플래티넘,서울의 봄,호두과자오징어,심야,대중교통,20대
이채원,골드,걸스 앤 판처,감자튀김레몬에이드,심야,자차,60대
김지연,실버,지오디 마스터피스,레몬에이드팝콘,오후,대중교통,60대
한민재,실버,노량-죽음의 바다,콜라오징어,조조,뚜벅이,60대
권현주,실버,걸스 앤 판처,팝콘오징어,심야,대중교통,30대
지성민,브론즈,위시,오징어호두과자,조조,대중교통,40대
이성진,브론즈,인투더 월드,호두과자팝콘이랑 물,심야,대중교통,20대
김상호,실버,지오디 마스터피스,레몬에이드감자튀김,심야,뚜벅이,10대
김정식,플래티넘,윙카,감자튀김콜라,심야,뚜벅이,40대
김정자,플래티넘,걸스 앤 판처,레몬에이드콜라,심야,대중교통,30대
이미경,플래티넘,인투더 월드,호두과자팝콘,심야,뚜벅이,50대
한상현,브론즈,지오디 마스터피스,팝콘콜라,오후,자차,50대
손아름,플래티넘,인투더 월드,호두과자팝콘이랑 물,심야,대중교통,10대
장영희,실버,지오디 마스터피스,팝콘콜라,심야,뚜벅이,10대
이미숙,브론즈,인투더 월드,레몬에이드오징어,심야,자차,60대
김서현,브론즈,서울의 봄,팝콘레몬에이드,조조,대중교통,50대
김명숙,실버,지오디 마스터피스,호두과자호두과자,조조,뚜벅이,10대
서영희,브론즈,지오디 마스터피스,팝콘팝콘이랑 물,심야,뚜벅이,20대
김현숙,플래티넘,노량-죽음의 바다,콜라팝콘이랑 물,심야,대중교통,50대
윤민석,실버,인투더 월드,호두과자호두과자,심야,대중교통,20대
이도현,실버,서울의 봄,팝콘이랑 물감자튀김,심야,뚜벅이,30대
오수민,플래티넘,외계+인 2부,오징어오징어,오후,대중교통,30대
권지우,플래티넘,지오디 마스터피스,팝콘이랑 물팝콘이랑 물,조조,뚜벅이,20대
이정훈,골드,시민덕희,호두과자레몬에이드,심야,대중교통,40대
송경숙,골드,서울의 봄,콜라감자튀김,조조,대중교통,40대
노광수,플래티넘,외계+인 2부,호두과자팝콘,오후,뚜벅이,60대
정영미,브론즈,윙카,팝콘팝콘,심야,대중교통,10대
한영미,실버,서울의 봄,감자튀김오징어,심야,뚜벅이,30대
류미경,골드,노량-죽음의 바다,호두과자감자튀김,조조,자차,20대
박현주,브론즈,위시,오징어감자튀김,심야,뚜벅이,50대
김지훈,브론즈,서울의 봄,호두과자레몬에이드,오후,뚜벅이,40대
김현주,브론즈,위시,콜라팝콘이랑 물,조조,자차,40대
김성민,플래티넘,덤머니,레몬에이드오징어,조조,대중교통,40대
강동현,골드,서울의 봄,레몬에이드팝콘,오후,자차,10대
송현준,실버,노량-죽음의 바다,팝콘이랑 물콜라,조조,뚜벅이,60대
김미경,실버,외계+인 2부,호두과자팝콘이랑 물,심야,뚜벅이,20대
이재현,골드,덤머니,감자튀김레몬에이드,심야,자차,60대
주숙자,브론즈,지오디 마스터피스,레몬에이드오징어,오후,대중교통,30대
권성수,플래티넘,덤머니,호두과자팝콘,오후,대중교통,60대
양정훈,브론즈,지오디 마스터피스,팝콘레몬에이드,심야,대중교통,20대
양성호,브론즈,서울의 봄,콜라감자튀김,조조,대중교통,20대
배민서,골드,시민덕희,오징어감자튀김,오후,자차,40대
김현주,실버,인투더 월드,오징어콜라,심야,자차,50대
김상철,브론즈,시민덕희,콜라팝콘이랑 물,오후,뚜벅이,50대
박영환,골드,위시,호두과자팝콘이랑 물,조조,뚜벅이,20대
성지후,플래티넘,위시,팝콘이랑 물팝콘이랑 물,조조,대중교통,30대
허상훈,골드,걸스 앤 판처,레몬에이드오징어,심야,뚜벅이,30대
임명자,실버,위시,감자튀김감자튀김,조조,자차,30대
박승현,브론즈,위시,레몬에이드팝콘,조조,자차,60대
최정호,골드,덤머니,팝콘이랑 물호두과자,조조,뚜벅이,20대
이영길,골드,외계+인 2부,팝콘감자튀김,오후,자차,60대
노진우,실버,인투더 월드,호두과자감자튀김,오후,뚜벅이,30대
김미경,골드,걸스 앤 판처,콜라팝콘,오후,대중교통,50대
이경자,플래티넘,외계+인 2부,팝콘팝콘,오후,대중교통,20대
정진호,골드,노량-죽음의 바다,호두과자호두과자,심야,뚜벅이,10대
김동현,실버,노량-죽음의 바다,오징어호두과자,오후,대중교통,20대
김예진,골드,노량-죽음의 바다,콜라레몬에이드,오후,대중교통,40대
김현지,실버,걸스 앤 판처,레몬에이드레몬에이드,심야,뚜벅이,30대
박상훈,골드,덤머니,팝콘콜라,심야,자차,40대
심서영,플래티넘,외계+인 2부,팝콘감자튀김,조조,자차,50대
서준서,골드,외계+인 2부,팝콘이랑 물감자튀김,심야,자차,50대
김상현,골드,인투더 월드,레몬에이드팝콘이랑 물,조조,뚜벅이,10대
장영숙,실버,외계+인 2부,호두과자감자튀김,심야,자차,20대
김현주,실버,노량-죽음의 바다,팝콘이랑 물호두과자,심야,뚜벅이,60대
장미정,골드,서울의 봄,팝콘이랑 물레몬에이드,조조,뚜벅이,50대
이정식,골드,윙카,레몬에이드오징어,오후,뚜벅이,50대
유민지,플래티넘,덤머니,팝콘이랑 물팝콘이랑 물,심야,뚜벅이,50대
황영진,실버,위시,팝콘이랑 물팝콘,심야,뚜벅이,40대
고건우,실버,시민덕희,호두과자콜라,오후,뚜벅이,20대
전은영,실버,윙카,감자튀김호두과자,오후,자차,20대
박지혜,플래티넘,시민덕희,콜라감자튀김,오후,자차,30대
이명숙,플래티넘,걸스 앤 판처,감자튀김레몬에이드,오후,자차,10대
최수빈,골드,윙카,팝콘감자튀김,오후,뚜벅이,30대
김영자,골드,덤머니,오징어팝콘이랑 물,조조,자차,30대
허성민,실버,덤머니,오징어콜라,오후,자차,40대
김지현,골드,걸스 앤 판처,팝콘이랑 물팝콘이랑 물,심야,자차,30대
김보람,실버,시민덕희,팝콘이랑 물감자튀김,심야,자차,50대
문은서,플래티넘,인투더 월드,콜라콜라,조조,자차,10대
곽정희,골드,지오디 마스터피스,팝콘감자튀김,조조,뚜벅이,10대
최시우,브론즈,지오디 마스터피스,콜라팝콘,조조,대중교통,50대
손우진,브론즈,서울의 봄,레몬에이드감자튀김,오후,대중교통,10대
김숙자,브론즈,시민덕희,콜라호두과자,조조,뚜벅이,60대
양정식,골드,외계+인 2부,레몬에이드감자튀김,오후,자차,20대
백현정,실버,윙카,팝콘레몬에이드,오후,자차,50대
이수민,브론즈,걸스 앤 판처,레몬에이드레몬에이드,오후,대중교통,30대
김민지,플래티넘,위시,오징어오징어,조조,뚜벅이,40대
이영미,실버,서울의 봄,감자튀김오징어,오후,대중교통,50대
류정수,골드,인투더 월드,콜라호두과자,심야,대중교통,10대
이영진,실버,덤머니,레몬에이드오징어,조조,대중교통,10대
이성진,골드,인투더 월드,레몬에이드오징어,심야,자차,60대
박성민,브론즈,걸스 앤 판처,팝콘이랑 물콜라,오후,대중교통,40대
윤시우,실버,지오디 마스터피스,감자튀김팝콘,심야,자차,60대
박중수,골드,지오디 마스터피스,팝콘이랑 물콜라,조조,뚜벅이,50대
허영호,브론즈,걸스 앤 판처,콜라감자튀김,조조,대중교통,20대
오영환,골드,인투더 월드,콜라호두과자,오후,뚜벅이,20대
박경희,실버,외계+인 2부,레몬에이드팝콘이랑 물,조조,뚜벅이,50대
한광수,플래티넘,외계+인 2부,오징어호두과자,조조,자차,20대
윤정남,브론즈,인투더 월드,감자튀김감자튀김,조조,자차,60대
오준혁,실버,외계+인 2부,오징어오징어,오후,자차,10대
김성민,플래티넘,덤머니,콜라감자튀김,오후,자차,10대
김정순,골드,덤머니,팝콘이랑 물콜라,심야,대중교통,60대
최진우,브론즈,지오디 마스터피스,레몬에이드팝콘이랑 물,심야,대중교통,10대
백성현,실버,인투더 월드,호두과자팝콘,심야,대중교통,20대
구준혁,실버,윙카,콜라호두과자,오후,자차,20대
이승민,브론즈,윙카,팝콘이랑 물레몬에이드,심야,대중교통,50대
김영호,실버,위시,호두과자콜라,심야,뚜벅이,30대
황상훈,실버,윙카,팝콘감자튀김,조조,자차,50대
문성민,골드,인투더 월드,팝콘팝콘이랑 물,심야,뚜벅이,30대
박하은,골드,위시,팝콘이랑 물팝콘이랑 물,심야,대중교통,60대
강광수,골드,시민덕희,호두과자감자튀김,심야,자차,40대
최상현,플래티넘,외계+인 2부,감자튀김호두과자,오후,대중교통,10대
김정남,실버,서울의 봄,호두과자감자튀김,오후,자차,10대
김예준,실버,인투더 월드,팝콘이랑 물팝콘이랑 물,오후,대중교통,20대
이민수,브론즈,외계+인 2부,팝콘이랑 물레몬에이드,심야,자차,30대
한서준,브론즈,서울의 봄,오징어팝콘이랑 물,조조,자차,10대
문승현,플래티넘,덤머니,오징어감자튀김,조조,뚜벅이,40대
홍정웅,플래티넘,인투더 월드,팝콘이랑 물콜라,조조,대중교통,10대
오영자,플래티넘,외계+인 2부,감자튀김팝콘이랑 물,오후,대중교통,20대
윤서현,브론즈,지오디 마스터피스,감자튀김팝콘,심야,대중교통,40대
최도윤,브론즈,걸스 앤 판처,콜라호두과자,심야,뚜벅이,10대
차정호,브론즈,외계+인 2부,감자튀김콜라,오후,뚜벅이,40대
김은서,플래티넘,외계+인 2부,콜라콜라,심야,뚜벅이,30대
하지원,브론즈,외계+인 2부,팝콘감자튀김,조조,뚜벅이,30대
김광수,골드,서울의 봄,팝콘호두과자,오후,대중교통,30대
김영자,플래티넘,걸스 앤 판처,호두과자호두과자,오후,대중교통,60대
홍정남,골드,위시,콜라호두과자,오후,뚜벅이,30대
최지우,브론즈,서울의 봄,호두과자레몬에이드,오후,자차,60대
이보람,플래티넘,윙카,팝콘오징어,오후,자차,50대
김현준,실버,노량-죽음의 바다,호두과자감자튀김,오후,뚜벅이,40대
강보람,실버,외계+인 2부,감자튀김감자튀김,오후,뚜벅이,10대
윤예지,브론즈,인투더 월드,팝콘이랑 물팝콘이랑 물,조조,대중교통,60대
박병철,골드,외계+인 2부,콜라감자튀김,심야,뚜벅이,30대
박미숙,플래티넘,덤머니,팝콘감자튀김,오후,뚜벅이,40대
최정순,실버,덤머니,호두과자오징어,심야,대중교통,40대
강춘자,골드,위시,호두과자호두과자,오후,뚜벅이,30대
이지민,골드,서울의 봄,감자튀김팝콘이랑 물,심야,자차,40대
한영수,플래티넘,지오디 마스터피스,감자튀김호두과자,오후,대중교통,60대
류지후,브론즈,윙카,팝콘팝콘,조조,뚜벅이,20대
김성호,실버,지오디 마스터피스,감자튀김콜라,조조,대중교통,10대
이미숙,브론즈,지오디 마스터피스,호두과자오징어,조조,뚜벅이,60대
윤은서,실버,인투더 월드,팝콘팝콘,심야,뚜벅이,30대
장옥순,플래티넘,시민덕희,감자튀김팝콘,오후,대중교통,50대
김영순,골드,걸스 앤 판처,팝콘호두과자,오후,자차,10대
김광수,골드,외계+인 2부,콜라호두과자,오후,뚜벅이,60대
이영길,브론즈,위시,오징어레몬에이드,심야,대중교통,10대
김현우,골드,위시,팝콘호두과자,조조,대중교통,40대
김상호,실버,윙카,호두과자팝콘이랑 물,오후,자차,10대
강준영,플래티넘,지오디 마스터피스,감자튀김감자튀김,조조,대중교통,20대
김경수,골드,시민덕희,콜라레몬에이드,조조,자차,50대
권영환,실버,윙카,호두과자오징어,심야,뚜벅이,60대
서영길,브론즈,인투더 월드,레몬에이드팝콘,심야,대중교통,10대
김병철,플래티넘,지오디 마스터피스,감자튀김감자튀김,조조,대중교통,30대
심영호,브론즈,윙카,팝콘이랑 물감자튀김,조조,뚜벅이,60대
이현정,플래티넘,위시,팝콘감자튀김,조조,자차,30대
이서현,실버,위시,오징어팝콘,심야,뚜벅이,50대
박유진,브론즈,인투더 월드,팝콘감자튀김,심야,뚜벅이,60대
정민석,골드,윙카,콜라레몬에이드,조조,자차,50대
이현지,실버,인투더 월드,팝콘이랑 물팝콘이랑 물,심야,대중교통,20대
류광수,브론즈,지오디 마스터피스,호두과자레몬에이드,심야,대중교통,40대
엄하은,브론즈,위시,팝콘이랑 물팝콘,조조,자차,10대
주은서,브론즈,덤머니,오징어오징어,심야,대중교통,20대
이정남,실버,걸스 앤 판처,감자튀김팝콘,심야,대중교통,10대
김순옥,골드,걸스 앤 판처,팝콘이랑 물팝콘,조조,대중교통,40대
류옥자,골드,노량-죽음의 바다,콜라팝콘,심야,자차,10대
나미경,플래티넘,지오디 마스터피스,감자튀김호두과자,오후,대중교통,40대
김지아,골드,서울의 봄,오징어레몬에이드,조조,대중교통,10대
한서준,플래티넘,지오디 마스터피스,팝콘팝콘,오후,대중교통,50대
오동현,브론즈,서울의 봄,팝콘이랑 물오징어,오후,자차,20대
김수진,브론즈,인투더 월드,호두과자오징어,심야,뚜벅이,10대
박은서,골드,걸스 앤 판처,레몬에이드오징어,조조,뚜벅이,60대
엄재현,플래티넘,덤머니,팝콘팝콘이랑 물,조조,자차,60대
주민서,플래티넘,시민덕희,호두과자팝콘이랑 물,심야,뚜벅이,50대
김예은,골드,외계+인 2부,호두과자호두과자,조조,뚜벅이,10대
김명자,골드,지오디 마스터피스,콜라감자튀김,심야,대중교통,10대
신지우,브론즈,노량-죽음의 바다,팝콘레몬에이드,조조,뚜벅이,40대
권지아,브론즈,윙카,감자튀김호두과자,조조,뚜벅이,40대
이정웅,플래티넘,걸스 앤 판처,오징어팝콘이랑 물,조조,뚜벅이,40대
김경숙,골드,위시,호두과자감자튀김,조조,뚜벅이,60대
박은경,실버,시민덕희,팝콘감자튀김,조조,뚜벅이,40대
장영희,플래티넘,노량-죽음의 바다,팝콘이랑 물감자튀김,오후,자차,10대
이시우,브론즈,지오디 마스터피스,콜라팝콘이랑 물,조조,뚜벅이,40대
백숙자,플래티넘,윙카,팝콘이랑 물오징어,오후,대중교통,50대
권종수,플래티넘,서울의 봄,호두과자팝콘,오후,대중교통,40대
김서현,골드,윙카,팝콘레몬에이드,조조,자차,60대
박영희,골드,서울의 봄,팝콘이랑 물팝콘,심야,대중교통,60대
이은정,브론즈,윙카,오징어감자튀김,조조,뚜벅이,40대
배도현,실버,덤머니,팝콘팝콘,조조,대중교통,40대
박영수,골드,위시,레몬에이드팝콘이랑 물,오후,자차,40대
서상현,브론즈,인투더 월드,팝콘팝콘,조조,자차,20대
최현준,브론즈,윙카,팝콘이랑 물감자튀김,오후,자차,10대
박정희,골드,윙카,감자튀김팝콘이랑 물,조조,뚜벅이,10대
장경희,플래티넘,노량-죽음의 바다,오징어팝콘,조조,뚜벅이,60대
박혜진,골드,서울의 봄,오징어감자튀김,오후,뚜벅이,50대
김영일,골드,위시,오징어레몬에이드,조조,뚜벅이,30대
이민석,실버,시민덕희,팝콘이랑 물팝콘이랑 물,심야,대중교통,40대
김지훈,실버,서울의 봄,팝콘이랑 물레몬에이드,심야,뚜벅이,50대
장아름,실버,지오디 마스터피스,콜라호두과자,오후,대중교통,50대
정현정,브론즈,위시,팝콘팝콘이랑 물,심야,대중교통,20대
최상철,플래티넘,노량-죽음의 바다,호두과자콜라,조조,대중교통,30대
김영미,브론즈,걸스 앤 판처,오징어팝콘이랑 물,오후,자차,30대
송서준,플래티넘,윙카,팝콘레몬에이드,심야,자차,60대
이성진,브론즈,외계+인 2부,콜라호두과자,오후,뚜벅이,60대
나현지,실버,윙카,오징어오징어,조조,자차,10대
김예은,골드,지오디 마스터피스,오징어레몬에이드,조조,뚜벅이,50대
최순자,골드,지오디 마스터피스,감자튀김콜라,심야,자차,50대
최정순,골드,걸스 앤 판처,팝콘콜라,조조,뚜벅이,50대
이영철,브론즈,지오디 마스터피스,레몬에이드레몬에이드,오후,대중교통,50대
이재현,브론즈,걸스 앤 판처,팝콘이랑 물콜라,오후,대중교통,10대
안예준,플래티넘,지오디 마스터피스,호두과자감자튀김,조조,뚜벅이,40대
박영미,브론즈,덤머니,호두과자감자튀김,심야,뚜벅이,40대
김지혜,골드,걸스 앤 판처,팝콘팝콘이랑 물,오후,뚜벅이,30대
배도현,플래티넘,지오디 마스터피스,호두과자오징어,조조,대중교통,60대
이정숙,플래티넘,노량-죽음의 바다,레몬에이드호두과자,오후,자차,60대
나미숙,골드,윙카,레몬에이드팝콘,조조,뚜벅이,50대
이아름,브론즈,인투더 월드,팝콘레몬에이드,오후,자차,50대
김지후,실버,걸스 앤 판처,팝콘이랑 물팝콘,조조,뚜벅이,50대
박서연,플래티넘,지오디 마스터피스,레몬에이드레몬에이드,조조,자차,50대
김정식,브론즈,덤머니,오징어감자튀김,오후,자차,60대
최병철,골드,윙카,감자튀김콜라,조조,뚜벅이,40대
김경수,골드,시민덕희,팝콘팝콘,조조,대중교통,60대
이민지,골드,덤머니,오징어감자튀김,오후,뚜벅이,50대
홍선영,플래티넘,윙카,콜라오징어,오후,자차,10대
박명숙,플래티넘,위시,팝콘이랑 물호두과자,심야,대중교통,50대
이영진,브론즈,지오디 마스터피스,레몬에이드호두과자,조조,자차,40대
김은주,브론즈,외계+인 2부,레몬에이드팝콘이랑 물,조조,대중교통,40대
최영일,골드,윙카,콜라호두과자,조조,자차,30대
김민준,실버,노량-죽음의 바다,감자튀김오징어,오후,뚜벅이,10대
이도현,골드,노량-죽음의 바다,팝콘팝콘,오후,자차,20대
박지원,실버,시민덕희,팝콘콜라,오후,자차,40대
김미정,브론즈,노량-죽음의 바다,오징어팝콘,심야,자차,50대
박성수,플래티넘,시민덕희,감자튀김오징어,심야,자차,60대
류영길,실버,인투더 월드,팝콘레몬에이드,심야,자차,20대
김춘자,플래티넘,인투더 월드,레몬에이드팝콘이랑 물,오후,자차,50대
권민지,골드,걸스 앤 판처,팝콘이랑 물콜라,심야,대중교통,10대
주영일,골드,덤머니,팝콘오징어,심야,자차,50대
김은지,플래티넘,서울의 봄,레몬에이드레몬에이드,심야,대중교통,60대
김지은,골드,덤머니,감자튀김호두과자,심야,대중교통,40대
김영길,골드,인투더 월드,감자튀김콜라,조조,대중교통,50대
최수민,실버,시민덕희,팝콘감자튀김,오후,뚜벅이,30대
박성훈,플래티넘,외계+인 2부,레몬에이드콜라,조조,뚜벅이,40대
이서연,골드,윙카,호두과자호두과자,오후,자차,50대
장시우,브론즈,외계+인 2부,레몬에이드팝콘이랑 물,심야,대중교통,20대
송재호,실버,시민덕희,호두과자감자튀김,오후,대중교통,30대
곽은주,골드,덤머니,레몬에이드오징어,오후,뚜벅이,50대
황민수,실버,인투더 월드,팝콘오징어,심야,뚜벅이,40대
김시우,플래티넘,서울의 봄,팝콘감자튀김,조조,뚜벅이,10대
정현주,골드,외계+인 2부,감자튀김오징어,심야,대중교통,50대
이병철,실버,위시,팝콘레몬에이드,심야,대중교통,40대
이성현,골드,노량-죽음의 바다,호두과자팝콘이랑 물,심야,뚜벅이,20대
김순옥,골드,덤머니,콜라팝콘,심야,대중교통,60대
김현지,브론즈,윙카,오징어호두과자,심야,대중교통,20대
김서준,브론즈,덤머니,호두과자감자튀김,오후,뚜벅이,40대
최성진,골드,위시,감자튀김호두과자,오후,자차,30대
김채원,골드,시민덕희,팝콘이랑 물감자튀김,심야,뚜벅이,10대
김영길,브론즈,지오디 마스터피스,호두과자팝콘,오후,대중교통,10대
김성수,브론즈,윙카,호두과자감자튀김,심야,대중교통,20대
이경숙,플래티넘,지오디 마스터피스,팝콘이랑 물감자튀김,심야,대중교통,60대
김민지,브론즈,지오디 마스터피스,호두과자레몬에이드,조조,자차,10대
김서윤,골드,외계+인 2부,콜라팝콘,오후,뚜벅이,50대
오유진,플래티넘,위시,콜라호두과자,심야,대중교통,20대
김지훈,골드,외계+인 2부,레몬에이드콜라,오후,뚜벅이,40대
하지민,실버,노량-죽음의 바다,팝콘오징어,심야,자차,40대
배지은,실버,윙카,팝콘레몬에이드,오후,뚜벅이,20대
김성훈,실버,걸스 앤 판처,팝콘팝콘,심야,뚜벅이,60대
강민준,플래티넘,지오디 마스터피스,콜라콜라,심야,대중교통,40대
박시우,골드,시민덕희,오징어오징어,심야,대중교통,60대
고준혁,플래티넘,윙카,오징어레몬에이드,오후,대중교통,20대
오영식,브론즈,인투더 월드,감자튀김팝콘,조조,뚜벅이,60대
김지아,실버,위시,오징어호두과자,심야,대중교통,60대
한영길,실버,외계+인 2부,호두과자오징어,오후,대중교통,20대
백예준,브론즈,윙카,팝콘호두과자,조조,대중교통,10대
오준호,플래티넘,위시,팝콘이랑 물팝콘,조조,뚜벅이,50대
박혜진,실버,걸스 앤 판처,팝콘이랑 물콜라,심야,자차,20대
하윤서,실버,위시,콜라오징어,심야,대중교통,60대
홍영식,실버,시민덕희,레몬에이드콜라,오후,뚜벅이,40대
윤도윤,골드,윙카,팝콘호두과자,조조,자차,40대
김정웅,실버,인투더 월드,팝콘호두과자,오후,자차,30대
남미경,골드,노량-죽음의 바다,팝콘오징어,오후,뚜벅이,40대
이민석,플래티넘,덤머니,팝콘이랑 물콜라,오후,대중교통,20대
이정숙,골드,서울의 봄,팝콘이랑 물팝콘,조조,자차,50대
박영수,실버,서울의 봄,오징어콜라,조조,대중교통,50대
장우진,실버,덤머니,레몬에이드감자튀김,조조,뚜벅이,10대
김현준,실버,윙카,콜라감자튀김,오후,대중교통,10대
이은정,골드,시민덕희,감자튀김감자튀김,오후,대중교통,20대
이지아,실버,서울의 봄,오징어콜라,오후,자차,60대
문상훈,실버,인투더 월드,콜라팝콘이랑 물,조조,자차,50대
배광수,브론즈,노량-죽음의 바다,감자튀김팝콘,심야,뚜벅이,60대
김영호,브론즈,인투더 월드,팝콘팝콘,오후,자차,10대
김주원,골드,시민덕희,팝콘레몬에이드,조조,뚜벅이,50대
김명자,플래티넘,노량-죽음의 바다,팝콘이랑 물콜라,조조,대중교통,10대
이정호,골드,인투더 월드,콜라팝콘,심야,뚜벅이,40대
김수민,브론즈,인투더 월드,콜라레몬에이드,조조,자차,50대
홍성진,플래티넘,덤머니,감자튀김오징어,오후,자차,10대
이선영,브론즈,위시,레몬에이드팝콘,오후,뚜벅이,30대
윤상철,브론즈,외계+인 2부,팝콘호두과자,조조,자차,40대
이예지,실버,외계+인 2부,호두과자콜라,오후,뚜벅이,10대
허승현,브론즈,위시,호두과자레몬에이드,오후,뚜벅이,10대
김예준,플래티넘,윙카,팝콘콜라,심야,대중교통,20대
김상호,브론즈,노량-죽음의 바다,콜라팝콘,심야,자차,20대
김영자,골드,윙카,팝콘이랑 물호두과자,오후,뚜벅이,30대
김경자,실버,윙카,호두과자팝콘,조조,자차,60대
박아름,플래티넘,덤머니,레몬에이드레몬에이드,심야,대중교통,60대
김현우,실버,덤머니,레몬에이드오징어,오후,자차,20대
이영철,플래티넘,걸스 앤 판처,레몬에이드오징어,오후,자차,60대
최예준,골드,걸스 앤 판처,감자튀김팝콘,오후,뚜벅이,20대
김지우,실버,인투더 월드,호두과자팝콘이랑 물,조조,뚜벅이,20대
조영철,실버,지오디 마스터피스,감자튀김호두과자,심야,자차,60대
문성수,골드,인투더 월드,팝콘팝콘이랑 물,심야,뚜벅이,40대
백예지,플래티넘,위시,호두과자오징어,조조,대중교통,10대
이영진,골드,걸스 앤 판처,콜라레몬에이드,조조,자차,20대
김승민,골드,덤머니,콜라콜라,심야,자차,10대
남수민,실버,위시,호두과자호두과자,심야,자차,50대
장건우,플래티넘,외계+인 2부,오징어팝콘,심야,뚜벅이,40대
문성진,플래티넘,지오디 마스터피스,레몬에이드팝콘,심야,뚜벅이,60대
장지영,실버,노량-죽음의 바다,오징어호두과자,오후,대중교통,10대
김영식,실버,위시,팝콘이랑 물콜라,오후,대중교통,40대
이순옥,플래티넘,인투더 월드,레몬에이드레몬에이드,오후,대중교통,40대
최예은,브론즈,외계+인 2부,팝콘이랑 물호두과자,오후,대중교통,60대
김지아,브론즈,외계+인 2부,팝콘이랑 물레몬에이드,조조,뚜벅이,20대
이하은,골드,노량-죽음의 바다,감자튀김팝콘이랑 물,심야,대중교통,20대
배영일,골드,외계+인 2부,콜라팝콘이랑 물,오후,뚜벅이,60대
오정훈,실버,윙카,레몬에이드팝콘이랑 물,오후,대중교통,30대
하진호,플래티넘,인투더 월드,감자튀김콜라,오후,자차,20대
박아름,실버,위시,오징어호두과자,조조,대중교통,60대
이도현,플래티넘,걸스 앤 판처,오징어팝콘이랑 물,오후,대중교통,60대
손서현,실버,위시,팝콘이랑 물감자튀김,조조,뚜벅이,40대
류은서,실버,시민덕희,레몬에이드팝콘,심야,뚜벅이,30대
황옥순,플래티넘,지오디 마스터피스,팝콘레몬에이드,심야,자차,50대
박영호,브론즈,인투더 월드,감자튀김오징어,심야,자차,50대
양성훈,실버,인투더 월드,팝콘콜라,오후,뚜벅이,50대
김준혁,브론즈,서울의 봄,콜라팝콘이랑 물,오후,자차,10대
김은주,플래티넘,시민덕희,감자튀김콜라,오후,뚜벅이,40대
박우진,플래티넘,시민덕희,호두과자감자튀김,조조,자차,30대
신민지,골드,노량-죽음의 바다,콜라팝콘,심야,대중교통,30대
김혜진,골드,걸스 앤 판처,호두과자오징어,심야,자차,10대
백영순,브론즈,시민덕희,호두과자호두과자,오후,뚜벅이,40대
이지아,실버,서울의 봄,호두과자레몬에이드,심야,뚜벅이,10대
장은영,골드,걸스 앤 판처,오징어호두과자,조조,대중교통,40대
이상호,실버,위시,콜라감자튀김,오후,대중교통,20대
장민지,골드,윙카,레몬에이드레몬에이드,심야,자차,20대
박병철,골드,위시,팝콘레몬에이드,심야,뚜벅이,10대
김정수,브론즈,시민덕희,호두과자감자튀김,심야,대중교통,50대
김현우,플래티넘,지오디 마스터피스,팝콘이랑 물감자튀김,오후,자차,40대
최은주,브론즈,위시,호두과자콜라,오후,뚜벅이,60대
김영일,플래티넘,인투더 월드,오징어감자튀김,오후,대중교통,40대
박현주,실버,덤머니,호두과자감자튀김,오후,대중교통,20대
민종수,브론즈,서울의 봄,팝콘오징어,오후,자차,20대
이승현,플래티넘,외계+인 2부,팝콘호두과자,오후,뚜벅이,10대
이숙자,실버,윙카,감자튀김콜라,오후,뚜벅이,50대
김지영,골드,위시,콜라감자튀김,조조,뚜벅이,10대
성영진,실버,서울의 봄,콜라감자튀김,오후,뚜벅이,60대
김주원,브론즈,윙카,팝콘이랑 물오징어,심야,자차,30대
곽정희,플래티넘,지오디 마스터피스,팝콘이랑 물레몬에이드,오후,대중교통,60대
서지민,브론즈,덤머니,팝콘팝콘,심야,뚜벅이,10대
홍예은,골드,인투더 월드,레몬에이드팝콘이랑 물,조조,뚜벅이,10대
이미영,골드,지오디 마스터피스,오징어콜라,조조,뚜벅이,30대
김현숙,플래티넘,서울의 봄,오징어레몬에이드,오후,자차,40대
김서영,브론즈,노량-죽음의 바다,감자튀김레몬에이드,오후,뚜벅이,50대
양옥순,실버,외계+인 2부,오징어콜라,심야,뚜벅이,20대
김수빈,브론즈,시민덕희,감자튀김감자튀김,심야,뚜벅이,30대
김춘자,골드,시민덕희,오징어레몬에이드,오후,뚜벅이,60대
이채원,실버,덤머니,호두과자레몬에이드,심야,대중교통,60대
권순자,실버,시민덕희,콜라콜라,오후,자차,60대
김우진,골드,윙카,콜라레몬에이드,심야,대중교통,60대
이영철,골드,시민덕희,팝콘이랑 물팝콘이랑 물,조조,자차,40대
최재호,실버,걸스 앤 판처,호두과자콜라,오후,대중교통,10대
김정식,플래티넘,덤머니,감자튀김팝콘이랑 물,조조,자차,50대
장지연,골드,걸스 앤 판처,호두과자레몬에이드,심야,대중교통,20대
김정숙,플래티넘,걸스 앤 판처,레몬에이드레몬에이드,심야,뚜벅이,10대
최시우,골드,덤머니,호두과자오징어,조조,자차,30대
박성훈,브론즈,지오디 마스터피스,레몬에이드레몬에이드,조조,뚜벅이,10대
이현우,실버,서울의 봄,팝콘팝콘이랑 물,조조,자차,10대
손영식,골드,시민덕희,감자튀김콜라,조조,대중교통,40대
조정순,실버,외계+인 2부,콜라팝콘,오후,대중교통,50대
오민지,플래티넘,걸스 앤 판처,오징어오징어,조조,뚜벅이,10대
민은서,골드,노량-죽음의 바다,레몬에이드레몬에이드,오후,자차,20대
지혜진,실버,외계+인 2부,팝콘이랑 물콜라,심야,뚜벅이,10대
이지혜,실버,시민덕희,오징어팝콘,심야,자차,60대
김영진,플래티넘,위시,팝콘이랑 물팝콘,오후,자차,50대
류은주,실버,외계+인 2부,팝콘이랑 물콜라,심야,자차,10대
김성진,골드,지오디 마스터피스,감자튀김호두과자,심야,자차,30대
박상현,실버,외계+인 2부,레몬에이드오징어,오후,자차,50대
심정훈,실버,외계+인 2부,감자튀김팝콘이랑 물,심야,뚜벅이,30대
김동현,플래티넘,시민덕희,팝콘이랑 물팝콘,조조,대중교통,10대
최경희,브론즈,시민덕희,팝콘이랑 물팝콘,오후,뚜벅이,10대
김영환,플래티넘,지오디 마스터피스,팝콘이랑 물감자튀김,심야,자차,20대
김진호,실버,서울의 봄,팝콘이랑 물감자튀김,조조,대중교통,10대
임지연,플래티넘,윙카,호두과자콜라,조조,대중교통,50대
서예원,플래티넘,시민덕희,콜라콜라,심야,뚜벅이,20대
이순옥,실버,위시,감자튀김레몬에이드,오후,대중교통,10대
김미정,브론즈,위시,팝콘이랑 물오징어,오후,뚜벅이,60대
이현준,골드,인투더 월드,팝콘콜라,오후,자차,60대
손서윤,실버,지오디 마스터피스,감자튀김호두과자,오후,뚜벅이,50대
양정훈,실버,서울의 봄,호두과자오징어,오후,자차,10대
장민서,실버,외계+인 2부,콜라호두과자,오후,자차,20대
김성훈,실버,서울의 봄,오징어호두과자,오후,자차,30대
이순옥,실버,걸스 앤 판처,오징어콜라,심야,대중교통,40대
박승현,실버,인투더 월드,오징어레몬에이드,오후,뚜벅이,60대
이지영,실버,노량-죽음의 바다,팝콘감자튀김,오후,자차,50대
김채원,실버,서울의 봄,오징어감자튀김,심야,대중교통,60대
류수빈,플래티넘,윙카,오징어호두과자,오후,뚜벅이,20대
박예지,플래티넘,위시,팝콘이랑 물감자튀김,심야,자차,50대
류미정,플래티넘,노량-죽음의 바다,감자튀김호두과자,심야,자차,30대
안하은,실버,지오디 마스터피스,콜라콜라,심야,자차,60대
윤하윤,브론즈,노량-죽음의 바다,레몬에이드호두과자,오후,대중교통,30대
박영호,골드,서울의 봄,레몬에이드콜라,심야,뚜벅이,20대
서도윤,골드,덤머니,팝콘오징어,오후,자차,40대
최명자,브론즈,지오디 마스터피스,팝콘콜라,조조,뚜벅이,10대
박영길,플래티넘,시민덕희,팝콘이랑 물콜라,심야,자차,60대
성영철,골드,지오디 마스터피스,레몬에이드팝콘이랑 물,조조,대중교통,10대
박민재,실버,노량-죽음의 바다,감자튀김팝콘,조조,뚜벅이,20대
안미영,실버,외계+인 2부,팝콘팝콘,오후,대중교통,50대
박경자,실버,노량-죽음의 바다,팝콘이랑 물오징어,조조,뚜벅이,40대
장정희,실버,노량-죽음의 바다,오징어감자튀김,심야,뚜벅이,20대
최현정,골드,위시,호두과자팝콘,심야,대중교통,30대
남준혁,실버,덤머니,레몬에이드호두과자,조조,대중교통,40대
박정훈,플래티넘,위시,감자튀김콜라,심야,대중교통,30대
이정순,골드,시민덕희,감자튀김호두과자,조조,뚜벅이,60대
김경자,실버,노량-죽음의 바다,오징어오징어,심야,뚜벅이,10대
홍영진,실버,덤머니,호두과자팝콘이랑 물,심야,뚜벅이,30대
박상훈,골드,외계+인 2부,레몬에이드팝콘이랑 물,오후,뚜벅이,60대
김민재,골드,윙카,레몬에이드레몬에이드,심야,뚜벅이,20대
최영진,골드,인투더 월드,레몬에이드팝콘,오후,자차,30대
이도윤,골드,덤머니,레몬에이드팝콘,오후,자차,30대
최지영,골드,위시,팝콘이랑 물호두과자,심야,대중교통,10대
윤명자,플래티넘,덤머니,오징어팝콘,심야,대중교통,40대
김종수,브론즈,지오디 마스터피스,호두과자팝콘이랑 물,조조,자차,50대
김정숙,골드,지오디 마스터피스,감자튀김콜라,조조,자차,10대
박경자,골드,시민덕희,감자튀김콜라,심야,자차,30대
황미정,골드,지오디 마스터피스,팝콘이랑 물감자튀김,오후,대중교통,10대
박영호,골드,인투더 월드,팝콘이랑 물호두과자,오후,대중교통,10대
우보람,골드,윙카,팝콘이랑 물감자튀김,조조,자차,50대
홍은경,브론즈,시민덕희,팝콘이랑 물팝콘이랑 물,오후,자차,20대
강영수,브론즈,외계+인 2부,레몬에이드오징어,오후,자차,60대
주서현,브론즈,위시,호두과자오징어,심야,대중교통,50대
양영길,골드,시민덕희,오징어레몬에이드,심야,대중교통,20대
한성현,플래티넘,외계+인 2부,팝콘레몬에이드,심야,뚜벅이,20대
김동현,실버,위시,팝콘이랑 물호두과자,조조,대중교통,20대
김지아,골드,윙카,감자튀김레몬에이드,오후,대중교통,20대
하채원,실버,지오디 마스터피스,오징어호두과자,심야,뚜벅이,50대
김준서,골드,덤머니,호두과자콜라,심야,뚜벅이,60대
문영진,실버,걸스 앤 판처,팝콘호두과자,조조,뚜벅이,20대
김하윤,브론즈,걸스 앤 판처,오징어팝콘이랑 물,심야,뚜벅이,50대
김채원,실버,외계+인 2부,오징어호두과자,조조,대중교통,30대
강준호,브론즈,시민덕희,팝콘감자튀김,오후,대중교통,20대
박수빈,골드,시민덕희,호두과자오징어,심야,뚜벅이,50대
전성현,플래티넘,위시,호두과자팝콘,조조,자차,40대
이성훈,골드,덤머니,콜라콜라,심야,대중교통,30대
조옥순,실버,시민덕희,콜라레몬에이드,심야,자차,10대
신성호,실버,노량-죽음의 바다,팝콘이랑 물오징어,오후,뚜벅이,50대
이윤서,브론즈,걸스 앤 판처,팝콘이랑 물레몬에이드,심야,자차,10대
유지영,플래티넘,윙카,콜라콜라,오후,대중교통,30대
최예원,브론즈,노량-죽음의 바다,오징어감자튀김,조조,대중교통,10대
김미영,플래티넘,덤머니,팝콘감자튀김,오후,뚜벅이,50대
박영호,실버,윙카,팝콘이랑 물팝콘,심야,대중교통,50대
김영진,브론즈,걸스 앤 판처,콜라콜라,심야,대중교통,60대
전숙자,골드,외계+인 2부,레몬에이드팝콘이랑 물,오후,자차,40대
이상현,플래티넘,위시,팝콘호두과자,심야,자차,40대
박민재,골드,덤머니,감자튀김콜라,심야,뚜벅이,60대
권채원,실버,걸스 앤 판처,레몬에이드팝콘,조조,뚜벅이,20대
류영길,플래티넘,노량-죽음의 바다,콜라감자튀김,심야,대중교통,20대
김경수,브론즈,지오디 마스터피스,콜라콜라,심야,대중교통,50대
이성호,실버,외계+인 2부,오징어오징어,심야,자차,40대
김미정,실버,윙카,콜라팝콘이랑 물,심야,대중교통,10대
김아름,실버,노량-죽음의 바다,레몬에이드팝콘이랑 물,오후,자차,20대
한중수,브론즈,서울의 봄,팝콘이랑 물레몬에이드,조조,자차,40대
이선영,플래티넘,노량-죽음의 바다,콜라팝콘,조조,대중교통,30대
김미정,브론즈,지오디 마스터피스,오징어호두과자,심야,대중교통,60대
이시우,플래티넘,서울의 봄,팝콘이랑 물팝콘이랑 물,심야,자차,30대
이정호,실버,인투더 월드,감자튀김호두과자,심야,대중교통,30대
문지은,실버,인투더 월드,팝콘호두과자,심야,뚜벅이,10대
류영희,실버,윙카,감자튀김팝콘이랑 물,오후,뚜벅이,50대
이종수,플래티넘,외계+인 2부,오징어팝콘,조조,대중교통,60대
고상훈,플래티넘,걸스 앤 판처,팝콘이랑 물감자튀김,오후,대중교통,60대
손수민,브론즈,윙카,호두과자오징어,오후,대중교통,50대
김지훈,브론즈,인투더 월드,감자튀김팝콘이랑 물,오후,자차,30대
노은지,플래티넘,외계+인 2부,팝콘이랑 물팝콘이랑 물,조조,자차,40대
이현우,브론즈,위시,감자튀김레몬에이드,오후,뚜벅이,20대
허은주,골드,위시,감자튀김호두과자,심야,대중교통,20대
박현우,브론즈,노량-죽음의 바다,팝콘이랑 물호두과자,조조,뚜벅이,40대
강성민,플래티넘,인투더 월드,감자튀김팝콘,조조,뚜벅이,40대
장영수,골드,윙카,콜라호두과자,오후,자차,30대
홍서윤,실버,덤머니,오징어콜라,오후,자차,40대
최진우,플래티넘,인투더 월드,팝콘이랑 물레몬에이드,심야,뚜벅이,40대
박동현,골드,인투더 월드,팝콘이랑 물콜라,심야,대중교통,30대
윤정웅,플래티넘,덤머니,감자튀김레몬에이드,심야,자차,30대
김영호,실버,인투더 월드,팝콘이랑 물오징어,조조,대중교통,40대
이정식,브론즈,외계+인 2부,감자튀김팝콘이랑 물,오후,자차,10대
김경수,브론즈,인투더 월드,팝콘팝콘,심야,뚜벅이,60대
장준혁,골드,윙카,오징어오징어,조조,대중교통,40대
손승현,골드,시민덕희,호두과자팝콘,심야,뚜벅이,30대
권예지,브론즈,위시,감자튀김콜라,오후,대중교통,20대
이상현,골드,윙카,팝콘콜라,조조,대중교통,40대
황지혜,브론즈,걸스 앤 판처,오징어호두과자,심야,자차,10대
김병철,플래티넘,시민덕희,콜라감자튀김,심야,뚜벅이,50대
황수빈,골드,윙카,호두과자팝콘,조조,자차,20대
오경자,골드,외계+인 2부,레몬에이드호두과자,오후,자차,30대
백서연,브론즈,지오디 마스터피스,팝콘이랑 물레몬에이드,심야,대중교통,60대
박정순,플래티넘,외계+인 2부,호두과자팝콘,심야,뚜벅이,30대
이성진,실버,위시,팝콘이랑 물레몬에이드,오후,자차,20대
김선영,실버,시민덕희,팝콘이랑 물팝콘이랑 물,오후,자차,20대
김미숙,실버,걸스 앤 판처,감자튀김오징어,심야,자차,10대
송예진,골드,인투더 월드,팝콘이랑 물팝콘이랑 물,심야,자차,20대
김종수,실버,지오디 마스터피스,콜라호두과자,오후,뚜벅이,60대
성예진,골드,걸스 앤 판처,오징어콜라,조조,자차,60대
장현준,브론즈,서울의 봄,팝콘팝콘,조조,자차,40대
김수빈,골드,걸스 앤 판처,감자튀김팝콘이랑 물,오후,자차,20대
구미숙,플래티넘,시민덕희,호두과자호두과자,조조,자차,10대
김현숙,골드,노량-죽음의 바다,감자튀김콜라,조조,뚜벅이,20대
장정자,플래티넘,서울의 봄,호두과자레몬에이드,오후,대중교통,60대
최승현,골드,덤머니,팝콘이랑 물오징어,오후,뚜벅이,10대
최지후,골드,시민덕희,팝콘레몬에이드,심야,대중교통,10대
서영수,플래티넘,덤머니,팝콘이랑 물레몬에이드,오후,자차,30대
이성호,골드,노량-죽음의 바다,호두과자팝콘,심야,대중교통,30대
배성수,골드,인투더 월드,오징어호두과자,조조,대중교통,40대
송동현,플래티넘,노량-죽음의 바다,호두과자감자튀김,심야,뚜벅이,30대
한영식,실버,지오디 마스터피스,감자튀김감자튀김,조조,대중교통,10대
이순자,플래티넘,외계+인 2부,콜라팝콘,조조,자차,50대
박상철,골드,지오디 마스터피스,팝콘이랑 물팝콘이랑 물,오후,대중교통,60대
김은지,브론즈,덤머니,오징어감자튀김,심야,뚜벅이,50대
강준서,플래티넘,위시,호두과자팝콘이랑 물,오후,자차,40대
이성현,플래티넘,인투더 월드,감자튀김오징어,심야,대중교통,10대
김동현,브론즈,인투더 월드,팝콘이랑 물호두과자,오후,자차,20대
박예진,실버,위시,오징어오징어,심야,자차,50대
안정숙,플래티넘,인투더 월드,팝콘이랑 물레몬에이드,조조,자차,50대
김민재,골드,위시,감자튀김오징어,조조,자차,50대
양혜진,실버,서울의 봄,오징어오징어,오후,대중교통,50대
민도윤,브론즈,지오디 마스터피스,오징어오징어,심야,뚜벅이,20대
최준호,골드,외계+인 2부,오징어팝콘,오후,뚜벅이,10대
김민준,플래티넘,노량-죽음의 바다,콜라레몬에이드,심야,뚜벅이,40대
강수진,골드,윙카,콜라감자튀김,조조,자차,40대
황성수,브론즈,서울의 봄,팝콘이랑 물호두과자,심야,대중교통,60대
박영식,플래티넘,걸스 앤 판처,레몬에이드호두과자,오후,자차,30대
서지현,실버,윙카,콜라콜라,조조,대중교통,20대
김은경,브론즈,위시,감자튀김콜라,조조,자차,60대
박채원,골드,인투더 월드,감자튀김팝콘이랑 물,오후,자차,20대
송민지,실버,외계+인 2부,콜라팝콘,조조,대중교통,40대
이경수,실버,걸스 앤 판처,감자튀김레몬에이드,조조,대중교통,20대
이성훈,실버,덤머니,감자튀김호두과자,조조,대중교통,20대
김영환,골드,위시,감자튀김레몬에이드,조조,뚜벅이,40대
윤영호,플래티넘,시민덕희,호두과자레몬에이드,오후,대중교통,30대
이동현,골드,서울의 봄,오징어감자튀김,오후,자차,50대
강춘자,실버,시민덕희,오징어호두과자,심야,뚜벅이,10대
김현숙,실버,걸스 앤 판처,호두과자호두과자,오후,뚜벅이,50대
이영자,플래티넘,시민덕희,콜라감자튀김,심야,뚜벅이,50대
최은경,플래티넘,노량-죽음의 바다,레몬에이드오징어,조조,자차,50대
김도윤,플래티넘,윙카,팝콘콜라,심야,자차,50대
박수진,골드,지오디 마스터피스,팝콘감자튀김,심야,뚜벅이,60대
최지영,플래티넘,지오디 마스터피스,콜라콜라,오후,자차,50대
조주원,플래티넘,걸스 앤 판처,레몬에이드감자튀김,심야,자차,50대
김영미,실버,시민덕희,오징어콜라,심야,대중교통,60대
정민재,플래티넘,지오디 마스터피스,레몬에이드감자튀김,조조,뚜벅이,50대
김시우,플래티넘,서울의 봄,레몬에이드팝콘,오후,뚜벅이,30대
김옥순,브론즈,시민덕희,콜라팝콘이랑 물,조조,자차,40대
이순옥,브론즈,시민덕희,레몬에이드콜라,조조,자차,30대
문서영,골드,위시,감자튀김오징어,오후,대중교통,50대
김영식,브론즈,시민덕희,호두과자호두과자,심야,뚜벅이,10대
강혜진,실버,지오디 마스터피스,오징어콜라,조조,뚜벅이,60대
이아름,브론즈,지오디 마스터피스,콜라레몬에이드,심야,뚜벅이,20대
곽은영,골드,윙카,오징어오징어,오후,대중교통,60대
조예지,플래티넘,지오디 마스터피스,레몬에이드팝콘이랑 물,조조,자차,40대
고은주,브론즈,노량-죽음의 바다,콜라팝콘,조조,대중교통,20대
김혜진,실버,지오디 마스터피스,콜라호두과자,오후,대중교통,60대
곽시우,골드,지오디 마스터피스,감자튀김감자튀김,심야,자차,20대
최미경,플래티넘,시민덕희,감자튀김호두과자,조조,뚜벅이,40대
김도윤,실버,서울의 봄,팝콘이랑 물팝콘이랑 물,오후,자차,20대
김은경,골드,서울의 봄,감자튀김오징어,오후,뚜벅이,10대
박동현,골드,시민덕희,팝콘이랑 물호두과자,오후,대중교통,10대
김승현,플래티넘,지오디 마스터피스,콜라레몬에이드,심야,대중교통,60대
박현지,골드,노량-죽음의 바다,감자튀김오징어,심야,대중교통,30대
권민지,골드,인투더 월드,팝콘팝콘이랑 물,오후,뚜벅이,30대
윤현지,골드,위시,팝콘팝콘,조조,자차,20대
박서연,브론즈,덤머니,팝콘이랑 물오징어,심야,뚜벅이,30대
김영자,브론즈,덤머니,호두과자콜라,조조,뚜벅이,40대
박현정,실버,지오디 마스터피스,감자튀김팝콘이랑 물,오후,대중교통,20대
김정수,골드,걸스 앤 판처,콜라콜라,조조,자차,30대
손지혜,실버,위시,팝콘팝콘,심야,자차,40대
박승민,브론즈,서울의 봄,팝콘감자튀김,심야,자차,40대
손성진,골드,윙카,팝콘오징어,오후,대중교통,10대
박보람,브론즈,덤머니,오징어감자튀김,심야,대중교통,30대
이경수,브론즈,시민덕희,콜라오징어,오후,자차,50대
박영환,실버,윙카,호두과자레몬에이드,조조,대중교통,60대
이종수,실버,노량-죽음의 바다,콜라팝콘,심야,뚜벅이,20대
고현준,플래티넘,인투더 월드,팝콘팝콘,심야,뚜벅이,60대
이영식,플래티넘,지오디 마스터피스,팝콘콜라,심야,대중교통,50대
나영숙,골드,노량-죽음의 바다,팝콘콜라,심야,자차,30대
권건우,골드,시민덕희,레몬에이드오징어,심야,대중교통,50대
김영철,브론즈,윙카,팝콘팝콘,조조,대중교통,40대
이민석,골드,인투더 월드,콜라감자튀김,심야,대중교통,20대
이수빈,브론즈,시민덕희,콜라팝콘이랑 물,조조,뚜벅이,50대
박옥순,브론즈,서울의 봄,호두과자감자튀김,오후,자차,20대
고성진,플래티넘,위시,오징어호두과자,심야,자차,30대
이상호,브론즈,위시,레몬에이드팝콘,심야,대중교통,20대
김영희,실버,덤머니,팝콘이랑 물감자튀김,오후,대중교통,20대
이경자,브론즈,시민덕희,오징어팝콘,조조,자차,50대
한지혜,플래티넘,시민덕희,레몬에이드콜라,조조,뚜벅이,10대
문민수,골드,서울의 봄,팝콘팝콘이랑 물,심야,자차,30대
김서영,골드,인투더 월드,호두과자호두과자,심야,대중교통,20대
이지현,골드,시민덕희,팝콘팝콘이랑 물,조조,자차,10대
홍성호,골드,지오디 마스터피스,오징어팝콘이랑 물,심야,자차,30대
노준혁,골드,지오디 마스터피스,감자튀김팝콘이랑 물,오후,뚜벅이,50대
최현숙,플래티넘,외계+인 2부,팝콘이랑 물팝콘이랑 물,조조,뚜벅이,40대
김영순,실버,인투더 월드,감자튀김감자튀김,오후,대중교통,50대
안채원,브론즈,윙카,감자튀김레몬에이드,오후,뚜벅이,30대
박정순,플래티넘,덤머니,레몬에이드팝콘이랑 물,조조,뚜벅이,30대
송춘자,브론즈,서울의 봄,콜라팝콘,조조,대중교통,60대
서서영,플래티넘,지오디 마스터피스,팝콘팝콘이랑 물,조조,대중교통,50대
이은영,실버,덤머니,감자튀김호두과자,오후,자차,40대
김준영,골드,인투더 월드,호두과자감자튀김,조조,자차,30대
문지후,브론즈,시민덕희,콜라콜라,조조,뚜벅이,10대
이성현,플래티넘,덤머니,호두과자팝콘이랑 물,조조,뚜벅이,60대
박정남,실버,서울의 봄,호두과자감자튀김,오후,자차,40대
서진호,실버,윙카,감자튀김오징어,심야,자차,40대
권지은,브론즈,걸스 앤 판처,콜라팝콘이랑 물,오후,대중교통,40대
류정희,골드,윙카,호두과자레몬에이드,심야,대중교통,60대
송윤서,골드,윙카,콜라호두과자,심야,자차,40대
이민석,플래티넘,시민덕희,오징어팝콘,심야,대중교통,30대
김지민,골드,걸스 앤 판처,팝콘오징어,조조,자차,40대
이성현,브론즈,노량-죽음의 바다,팝콘이랑 물감자튀김,오후,뚜벅이,60대
김현우,실버,노량-죽음의 바다,팝콘이랑 물오징어,오후,뚜벅이,40대
양민지,실버,노량-죽음의 바다,오징어팝콘이랑 물,오후,뚜벅이,20대
박영숙,브론즈,지오디 마스터피스,호두과자오징어,조조,자차,30대
김승민,플래티넘,걸스 앤 판처,콜라팝콘,오후,대중교통,50대
남현지,골드,걸스 앤 판처,콜라감자튀김,조조,뚜벅이,30대
김영진,브론즈,인투더 월드,팝콘이랑 물오징어,심야,자차,20대
박영길,골드,걸스 앤 판처,팝콘레몬에이드,조조,자차,60대
김은정,플래티넘,외계+인 2부,오징어팝콘,심야,대중교통,50대
한우진,브론즈,서울의 봄,호두과자레몬에이드,조조,뚜벅이,60대
우아름,플래티넘,덤머니,팝콘콜라,심야,뚜벅이,10대
홍미경,플래티넘,지오디 마스터피스,팝콘이랑 물오징어,심야,뚜벅이,60대
송명숙,플래티넘,외계+인 2부,팝콘이랑 물감자튀김,심야,자차,60대
김성진,플래티넘,덤머니,콜라팝콘이랑 물,심야,대중교통,10대
최종수,실버,지오디 마스터피스,팝콘이랑 물팝콘,오후,뚜벅이,30대
김건우,브론즈,노량-죽음의 바다,팝콘이랑 물감자튀김,오후,대중교통,30대
김준서,실버,지오디 마스터피스,팝콘팝콘,심야,자차,10대
김광수,브론즈,덤머니,팝콘팝콘,오후,자차,40대
김예지,브론즈,시민덕희,레몬에이드레몬에이드,심야,자차,30대
최상현,플래티넘,걸스 앤 판처,레몬에이드팝콘이랑 물,오후,뚜벅이,10대
고순자,골드,노량-죽음의 바다,콜라감자튀김,심야,뚜벅이,40대
이은서,브론즈,걸스 앤 판처,호두과자레몬에이드,심야,자차,60대
이지혜,골드,걸스 앤 판처,팝콘이랑 물레몬에이드,심야,뚜벅이,10대
김정자,브론즈,위시,호두과자호두과자,오후,뚜벅이,10대
최지후,실버,시민덕희,팝콘이랑 물레몬에이드,심야,자차,10대
최경수,플래티넘,걸스 앤 판처,오징어팝콘,오후,자차,20대
김경수,골드,인투더 월드,호두과자감자튀김,조조,자차,30대
윤명숙,골드,덤머니,레몬에이드콜라,오후,자차,60대
이광수,브론즈,걸스 앤 판처,레몬에이드레몬에이드,오후,대중교통,60대
김영미,플래티넘,시민덕희,팝콘레몬에이드,오후,자차,10대
장재호,실버,시민덕희,콜라호두과자,심야,뚜벅이,60대
최경자,골드,지오디 마스터피스,호두과자호두과자,조조,자차,30대
최주원,골드,외계+인 2부,팝콘이랑 물감자튀김,조조,뚜벅이,20대
최아름,브론즈,위시,감자튀김레몬에이드,조조,자차,10대
곽보람,골드,시민덕희,팝콘이랑 물감자튀김,심야,뚜벅이,40대
이채원,플래티넘,노량-죽음의 바다,오징어감자튀김,오후,뚜벅이,50대
강영숙,플래티넘,서울의 봄,콜라팝콘,조조,자차,40대
성정남,브론즈,위시,팝콘이랑 물콜라,오후,자차,40대
조하은,플래티넘,덤머니,콜라팝콘,오후,뚜벅이,20대
박지훈,플래티넘,윙카,콜라콜라,조조,자차,10대
최영진,브론즈,인투더 월드,팝콘호두과자,조조,자차,20대
박건우,골드,외계+인 2부,팝콘오징어,심야,뚜벅이,40대
양지훈,플래티넘,시민덕희,콜라레몬에이드,조조,자차,20대
류영길,브론즈,외계+인 2부,오징어감자튀김,조조,자차,60대
박현정,골드,인투더 월드,호두과자감자튀김,심야,자차,40대
김승현,골드,시민덕희,오징어팝콘,조조,자차,60대
문은정,실버,걸스 앤 판처,팝콘오징어,심야,대중교통,20대
김윤서,플래티넘,인투더 월드,감자튀김레몬에이드,오후,자차,60대
김영일,브론즈,윙카,팝콘이랑 물레몬에이드,조조,뚜벅이,20대
김정남,골드,위시,팝콘이랑 물레몬에이드,조조,자차,10대
장종수,실버,시민덕희,팝콘오징어,조조,대중교통,30대
이지훈,플래티넘,시민덕희,레몬에이드감자튀김,심야,자차,10대
송현정,브론즈,윙카,팝콘감자튀김,심야,자차,10대
오현숙,플래티넘,지오디 마스터피스,팝콘감자튀김,심야,대중교통,10대
이민석,브론즈,외계+인 2부,오징어호두과자,심야,자차,40대
김지우,골드,걸스 앤 판처,콜라콜라,오후,자차,10대
나미영,골드,걸스 앤 판처,감자튀김팝콘,오후,자차,30대
손현우,브론즈,덤머니,콜라팝콘,오후,자차,30대
이보람,실버,걸스 앤 판처,호두과자팝콘,심야,자차,20대
김영미,골드,노량-죽음의 바다,레몬에이드레몬에이드,오후,뚜벅이,30대
박상현,플래티넘,외계+인 2부,감자튀김레몬에이드,조조,자차,20대
구영일,브론즈,외계+인 2부,콜라콜라,심야,뚜벅이,10대
윤정호,실버,시민덕희,콜라오징어,조조,대중교통,60대
최지훈,브론즈,시민덕희,팝콘이랑 물콜라,심야,대중교통,30대
서미정,골드,윙카,감자튀김팝콘,심야,대중교통,40대
양지원,브론즈,외계+인 2부,팝콘레몬에이드,오후,뚜벅이,40대
이상철,플래티넘,지오디 마스터피스,레몬에이드팝콘,심야,자차,20대
서영희,브론즈,걸스 앤 판처,감자튀김팝콘이랑 물,심야,대중교통,20대
김순자,플래티넘,인투더 월드,오징어콜라,조조,자차,60대
김영진,골드,덤머니,콜라감자튀김,심야,자차,10대
김주원,브론즈,외계+인 2부,레몬에이드팝콘,오후,자차,30대
김영진,브론즈,서울의 봄,감자튀김콜라,심야,대중교통,60대
강영희,브론즈,지오디 마스터피스,콜라팝콘,조조,자차,30대
이민준,브론즈,지오디 마스터피스,감자튀김팝콘,오후,뚜벅이,60대
강영환,브론즈,시민덕희,감자튀김팝콘,조조,대중교통,10대
김정숙,플래티넘,윙카,레몬에이드팝콘,오후,뚜벅이,50대
안상현,골드,윙카,감자튀김레몬에이드,오후,대중교통,20대
남정남,브론즈,덤머니,호두과자감자튀김,조조,뚜벅이,30대
백서준,플래티넘,덤머니,레몬에이드팝콘,오후,자차,40대
김종수,골드,시민덕희,콜라호두과자,오후,자차,60대
손윤서,브론즈,노량-죽음의 바다,감자튀김호두과자,조조,자차,20대
남민석,플래티넘,서울의 봄,레몬에이드콜라,오후,뚜벅이,50대
이현정,실버,노량-죽음의 바다,오징어레몬에이드,조조,뚜벅이,10대
장성현,골드,위시,오징어레몬에이드,조조,뚜벅이,60대
최정호,브론즈,걸스 앤 판처,감자튀김팝콘이랑 물,조조,자차,30대
신성수,플래티넘,노량-죽음의 바다,호두과자호두과자,심야,자차,50대
